[{"resourceId":"20","resourceName":"MY_TEAM_TASK_OUTBOX","resourceDescription":"My Team Task/Outbox","resourceParentId":null,"resourceType":"QUEUE_ITEM","resourceDetails":{"defaultFilter":"TX_TASK_STATUS IN ('Completed','Not Applicable','Terminated') AND ID_ASSIGNED_TEAM = {teamId}","path":"My Team Task/Outbox"}},{"resourceId":"19","resourceName":"MY_TEAM_TASK_INBOX","resourceDescription":"My Team Task/Inbox","resourceParentId":null,"resourceType":"QUEUE_ITEM","resourceDetails":{"defaultFilter":"TX_TASK_STATUS IN ('Draft','Not Started','In Progress','Need More Info','On Hold') AND ID_ASSIGNED_TEAM = {teamId}","path":"My Team Task/Inbox"}},{"resourceId":"17","resourceName":"MY_TASK_INBOX","resourceDescription":"My Task/Inbox","resourceParentId":null,"resourceType":"QUEUE_ITEM","resourceDetails":{"defaultFilter":"TX_TASK_STATUS IN ('Draft','Not Started','In Progress','Need More Info','On Hold') AND ID_ASSIGNED_SID = {sId}","path":"My Task/Inbox"}},{"resourceId":"18","resourceName":"MY_TASK_OUTBOX","resourceDescription":"My Task/Outbox","resourceParentId":null,"resourceType":"QUEUE_ITEM","resourceDetails":{"defaultFilter":"TX_TASK_STATUS IN ('Completed','Not Applicable','Terminated') AND ID_ASSIGNED_TEAM = {teamId}","path":"My Task/Outbox"}}]